{"train": [3.150126950637154, 3.042331631546435, 2.8192697867103247, 2.4916281275127243, 2.2629662178132843, 2.0932114251281906, 2.0084477738193844, 1.9348453533390293, 1.8693861694439597, 1.8214512951996016, 1.782307813996854, 1.7485572323850964, 1.6825191420057546, 1.576733778481898, 1.4807439957623896, 1.3867696042294089, 1.3252203010994454, 1.2634694385787715, 1.223893149132314, 1.188577221269193, 1.1541309312633845, 1.1058610785914504, 1.0690608738557152, 1.0335040310802668, 1.00157370602955, 0.9698391269406547, 0.9394208494249894, 0.9105627871401932, 0.8878274328358795, 0.8639348964652289, 0.8310921172408954, 0.8031708509701749, 0.7816313876729944, 0.7534641444035198, 0.733923106138473, 0.6981477057318325, 0.6764623223763445, 0.6514106071189694, 0.6256940477892109, 0.6003086569354587, 0.5734685276027607, 0.5500986751816843, 0.526646640378496, 0.5027252262215252, 0.48461794281459375, 0.46872109971616577, 0.45404863400465767, 0.44313115894632493, 0.4351106949474501, 0.4301840938708704], "val": [3.1078173824136246, 3.0059190616861495, 2.604096596685199, 2.3551951136879143, 2.3744293274534973, 2.0864157359409696, 1.999112441739202, 1.8379641054021087, 1.84692351537059, 1.7711976248728458, 1.8238715694884384, 1.650549292677709, 1.5898113936299154, 1.5574351095881298, 1.4253573804640498, 1.3364987748997292, 1.2336853459307449, 1.1481623642231575, 1.2334221374852576, 1.1767432992505937, 1.1504936461326287, 1.07213547729494, 1.0922270203611244, 1.0559866495798749, 0.9754146622642591, 0.9193196639475261, 0.9200595899028243, 0.9066637223551028, 0.9201539588433482, 0.8003213467650088, 0.8956445919725151, 0.7451750326037634, 0.7635663842407017, 0.7511886499340543, 0.6724345879239728, 0.6740364391965784, 0.68717332779228, 0.6194335385137184, 0.5995855451820015, 0.5920801065975496, 0.541344371202894, 0.5306420041382766, 0.5046555651033106, 0.4916094113389179, 0.472773689351721, 0.4579282308762234, 0.4470843953636436, 0.44183202874722816, 0.43922967958430487, 0.438237447348271]}