{"train": [2.8047858585482057, 2.649672762725664, 2.4785069641859634, 2.3052093237638474, 2.181627073754435, 1.9683398876501166, 1.7971790916245916, 1.6649444462812466, 1.5329635015648344, 1.4178511450472084, 1.3356973287851914, 1.2484514615457991, 1.2082349131288737, 1.1423437916066335, 1.0576981316442076, 0.9923920685830323, 0.9402900622914667, 0.9195336774639461, 0.8576563566275265, 0.8327153296250364, 0.7793481708544752, 0.7410581238891767, 0.7075589997288974, 0.6644313218476979, 0.6254499010822695, 0.5975744149931099, 0.5624944393077622, 0.5462753507025216, 0.5074643676452663, 0.4663754893385846, 0.4499794881871861, 0.4255368125260524, 0.3876966419103353, 0.34643593445906173, 0.3316731088916245, 0.30226437485898316, 0.278251345681391, 0.26126077029773076, 0.23332708055234475, 0.21393860053959424, 0.19275483278881597, 0.1727480228909332, 0.16212748717111738, 0.15002586599439383, 0.13886646629189667, 0.13104830547235907, 0.12683599301735343, 0.12542851697855995, 0.12273500097672577, 0.12025821209055088], "val": [3.152913325639732, 2.674989469604347, 2.448697796792585, 2.376452035097115, 2.4514396770825404, 1.9419960792073732, 1.8016195744842631, 1.9637575224891815, 1.7544596354997657, 1.5907453644751597, 1.350538133725014, 1.297553327713629, 1.3583604202750972, 1.131923638652486, 1.2283063965491923, 1.2914457187028212, 0.9360882208147883, 1.199625961510854, 0.9895635387460089, 1.4032815624552535, 0.7561829570015121, 0.785393223194795, 0.8797580858713774, 0.7382544088584615, 0.6335792389942666, 0.8131907646661135, 0.6537681592507961, 0.5600261394927781, 0.7208163409986084, 0.5911629365707531, 0.4699574272810506, 0.5109823507322317, 0.3141485290538109, 0.52329920463179, 0.33319321323271145, 0.2293289251813219, 0.21695974038580979, 0.19639387709078, 0.18038008882603945, 0.16931011865248358, 0.14460206312966664, 0.13236725359478746, 0.11867550542549772, 0.11021409252704521, 0.1069087360006449, 0.096966416702496, 0.09844988433488365, 0.0954752635129306, 0.09349573026729939, 0.09451840164408994]}