{"train": [2.7291875699292056, 2.553362428623697, 2.4879988170188407, 2.3743393782688225, 2.1883728760740033, 2.029094390247179, 1.9219890963772068, 1.8533756942852684, 1.756815775062727, 1.6753703049991442, 1.577288791148559, 1.4934022795894872, 1.3772456860412723, 1.3035957328651262, 1.235227771103382, 1.1522075276012007, 1.089599120940851, 1.0308222164602383, 0.983635081609954, 0.9139028314986954, 0.8826506535320179, 0.8348538574965104, 0.7704493448462175, 0.7502926843321842, 0.7240917899524388, 0.6703214897085791, 0.6236351381825365, 0.5884636802031942, 0.5578144543034875, 0.5191972615602224, 0.5017569307156879, 0.46418716171351465, 0.4321927803851988, 0.4027335326227805, 0.3579607415377446, 0.3398305648046991, 0.31712050808026737, 0.2845624809760762, 0.2583586065341597, 0.2397508761845529, 0.2197140909974342, 0.19880042628223157, 0.18455409120626587, 0.16987109587973226, 0.15947149514382625, 0.15199547421551593, 0.1477194655281694, 0.1413657215707328, 0.1394690364356274, 0.13374003815950583], "val": [2.6101128159820353, 3.1301880045988715, 2.581963254018428, 2.474257107016705, 2.2500831829277734, 2.0948426546705994, 1.905591187821595, 1.7494831158861008, 2.41167903093784, 2.2449151017480022, 2.54276677070915, 1.3459093254555314, 1.4146087071061588, 1.4727738165923399, 1.4640273211006882, 1.2742449457654481, 1.2766365159600406, 1.036277581558708, 1.1083833855424543, 1.0773814300308888, 1.0786168443414421, 0.7852875725171412, 0.8222894633734181, 0.7755047301602455, 0.8055219447431455, 0.7645048613274052, 0.7384383094429743, 0.6631548425515569, 0.6553742195206903, 0.6317368949490808, 0.6702611820821867, 0.5102119112295229, 0.45937076865380255, 0.48874313119416457, 0.3761690670249013, 0.38507460525875536, 0.36489156200178674, 0.29038510013357544, 0.24611732480558832, 0.2349189735325797, 0.18250005497922944, 0.15436602373936784, 0.15084356168362917, 0.13490434449888455, 0.12859988788376517, 0.12154735568131785, 0.11453201640184842, 0.11869104726757047, 0.11364331701239253, 0.1126797964562708]}