{"train": [2.5352696732334468, 2.032533232932505, 1.5876616382728452, 1.2595974173234856, 1.0720923186644264, 0.9502694381643897, 0.869648975684591, 0.8039675833090492, 0.7543526496252287, 0.70488823512974, 0.6597053803179576, 0.6252779489949993, 0.590245934591993, 0.5631835773506242, 0.5391572661211957, 0.501767211140174, 0.48032971537955427, 0.45519812605951143, 0.43015714527472204, 0.41263303972132825, 0.3824179730985476, 0.3667871435132364, 0.35066768763910816, 0.33246418042918263, 0.3048763554786211, 0.28245544220401864, 0.26936356319600474, 0.2453226810483181, 0.22694052920636276, 0.20540929401050442, 0.1932265148781564, 0.1608550908955057, 0.14675878471715134, 0.13171025967103955, 0.10499284866508907, 0.08578562204138902, 0.07214686533122364, 0.0574319836359633, 0.04857999415987212, 0.040321113434923894, 0.03534168214486588, 0.031245407080986415, 0.02828131153491204, 0.026762455574783454, 0.02520207001184842, 0.024087611817420744, 0.023255345039069654, 0.023423978906509508, 0.022458367262278563, 0.0224460658733733], "val": [2.1881647042561845, 1.8577691369863518, 1.3277502110362507, 1.1611379327486222, 1.03396103982973, 0.9809971136809416, 0.8688902642450406, 0.7506796734712083, 0.7464943223069829, 0.6738799521717254, 0.7629903354451854, 0.6041213435336891, 0.5552695390623162, 0.5019528187471424, 0.6349097390184639, 0.5676285904786149, 0.48493009489454586, 0.5016339737036666, 0.40380988697815307, 0.3986974199242295, 0.4012959157311474, 0.4885365185841295, 0.4800462054120582, 0.320772294045387, 0.33341125446679815, 0.3301649797219117, 0.2484696795721273, 0.2181163295889238, 0.22234996220985775, 0.2885959701975117, 0.25552558445481466, 0.14595591876312325, 0.18744124781637816, 0.13286267174850483, 0.0844883783631905, 0.07683439256566729, 0.07732263728870015, 0.05713170879638219, 0.04771368934493158, 0.04104042656280582, 0.03443919108408599, 0.03192303366534157, 0.0331083172162067, 0.03018727151990404, 0.0292414165245362, 0.029817905349607363, 0.028928883376393197, 0.0288731928670446, 0.02872363291238169, 0.028365090115796136]}