{"train": [3.2181045936501547, 3.22348052729731, 3.2276456042476322, 3.2267296423082765, 3.2268821330174156, 3.2266148056672965, 3.226350189810214, 3.226650062073832, 3.2264806739662006, 3.2267412024995554, 3.2262441756932634, 3.2257631949756456, 3.2251943580482316, 3.2263344699921817, 3.225549901827522, 3.2195970001428025, 3.2220673421154853, 3.2251239520052204, 3.2249541264513266, 3.2250463643799656, 3.2239547428877455, 3.2193180449630905, 3.2181495332199592, 3.2233880939690964, 3.223268022744552, 3.2233376083166703, 3.222153838561929, 3.2225898517214735, 3.222364160807236, 3.2223169342331266, 3.2222389166769774, 3.2214938303698664, 3.221570528590161, 3.1762433318988137, 3.222985106706619, 3.2206352368645046, 3.2205372400905774, 3.2204878348371255, 3.220354684280313, 3.219962389313656, 3.1670660272888513, 3.076626196892365, 3.0133820007676664, 2.8018784499686697, 2.720004968798679, 2.710630428272745, 2.632829840546069, 2.5875056870605633, 2.556686358866484, 2.540869838776796], "val": [3.228334856577246, 3.2269951136846506, 3.226180436493326, 3.2318286614726253, 3.2271027755374693, 3.2261535232964578, 3.22598445551477, 3.2274279657878804, 3.2260133168543246, 3.2247909874063936, 3.2286774305336374, 3.224753736996379, 3.2271721571570566, 3.222294038692808, 3.2232979767222822, 3.18036741312919, 3.224401116824422, 3.221450629796365, 3.2254543503880955, 3.221248716455902, 3.2253559433462047, 3.223633234945087, 3.221814652359531, 3.2200120048377903, 3.22242754403176, 3.221680666557283, 3.2224099509163047, 3.22171242971384, 3.2215194013182202, 3.2224815000599327, 3.2206253325531238, 3.222204200215213, 3.2213339941583206, 3.2597727295110435, 3.2203232435219187, 3.2201938411582107, 3.2197097907048216, 3.219246549751369, 3.219403905107041, 3.2189845005369007, 3.073443367454036, 2.969914705581085, 2.899409104662703, 2.727135629708323, 2.6736923487920725, 2.6606177653649916, 2.6161426804364862, 2.583173308535674, 2.5480816386951695, 2.534371299435431]}