{"train": [3.0504637966985286, 2.7746903323608896, 2.6728065964968306, 2.575158948224524, 2.532137854073359, 2.527151892496192, 2.442198907551558, 2.393571916092997, 2.3577880689631336, 2.3371928260378216, 2.3076282111199005, 2.2929773843806722, 2.270088024890941, 2.2594264368648114, 2.2404167324304582, 2.2308516669532525, 2.217330656621767, 2.1923492145279178, 2.178065933222356, 2.1637245963449065, 2.1417028831399008, 2.1186412811279296, 2.1068990239630576, 2.062721037087233, 2.0205042931048767, 1.9743422680574916, 1.9361239623764286, 1.8983045530060063, 1.8540706967530043, 1.7879646867513657, 1.74508808410686, 1.6962835223130557, 1.6288470133491184, 1.5778617749395578, 1.5262204004370648, 1.4700718686632488, 1.41868768548188, 1.3697109308579694, 1.3166807461044063, 1.2745656205908111, 1.228804533701876, 1.1877401185424432, 1.1423956351435702, 1.1060929584762325, 1.0678960049929827, 1.0407482712813045, 1.0118558345281559, 0.9905344635248184, 0.9760875991505126, 0.9678539559892986], "val": [2.8515055243053364, 2.7248265185736886, 2.6151618300282005, 2.471732237946398, 2.6094023379082913, 2.491091752233614, 2.3463425309939074, 2.3530034724297177, 2.3561266171161668, 2.274786470960755, 2.2349261834140965, 2.255961093612497, 2.2821867728867913, 2.2159141623928518, 2.155547060893969, 2.1811865540964974, 2.243957175501399, 2.191208320878758, 2.2311946523053563, 2.1694470539745723, 2.155171726593047, 2.290460826552866, 2.013424482862306, 2.020807541368579, 1.9494539732715477, 1.9487917973968012, 1.8466744382118545, 1.857116503633927, 1.771966848763223, 1.7377531347165995, 1.7843283269795174, 1.6200645631710386, 1.55053795902448, 1.5510881832117362, 1.5793743407771614, 1.4262246141642219, 1.351553354993066, 1.3321576554738976, 1.3246138719098197, 1.188250455112965, 1.2070250192749183, 1.1536314890298554, 1.1332619884281558, 1.1175511946243024, 1.0395232192577064, 1.0319265827479924, 1.0057626924700611, 0.9838416263064504, 0.982178142938777, 0.9747947948513829]}