{"train": [2.9951068852258764, 2.3710824547902396, 1.9871104382950326, 1.6965961641591527, 1.4521301180124282, 1.1754898695194202, 1.0069564108939275, 0.8857414534882359, 0.8023168458238892, 0.7442244383142046, 0.6765745152597842, 0.6426891477373631, 0.598248406370049, 0.5650454489919154, 0.5399798857777015, 0.5102472844817069, 0.49242142322270765, 0.4624981443276224, 0.4284280256813635, 0.4074431380014057, 0.38586328958525606, 0.36308015272345234, 0.34054728120403444, 0.3158908930485663, 0.2944668012873634, 0.278911886797489, 0.25733346422405345, 0.2275933572637808, 0.2046430912516687, 0.18511615523704045, 0.15619453091538796, 0.14528805580314086, 0.11671845061886732, 0.09171167358796557, 0.06666725993399387, 0.04676819553588638, 0.032099600067949326, 0.02241444577204833, 0.017104154902905146, 0.014363761175595952, 0.012869655043291657, 0.012022209463833386, 0.011351971685856013, 0.010862878594122341, 0.010519113133246404, 0.010256976556822495, 0.010080850550793516, 0.009939340512652921, 0.009861995414172745, 0.009808204425549458], "val": [2.496952817920496, 2.2020384177508916, 1.7619709086962072, 1.6745827885861633, 1.205617133428842, 1.0249235244758228, 0.9840505217474677, 0.8256112514028304, 0.7420746505458772, 0.7875483069434309, 0.6189913844456011, 0.555295561369466, 0.6098832598048132, 0.497914948787526, 0.5058339602197078, 0.4571911373278374, 0.5011996372811808, 0.3847047334869778, 0.3560375828905024, 0.32414038184704436, 0.35909249030846835, 0.3134991953737269, 0.3492936799603695, 0.2732903243364773, 0.25469645505112387, 0.22687027983087693, 0.23664091943901303, 0.1915553124540064, 0.17246363544305468, 0.17473316586314358, 0.14631837638034823, 0.13356246785951262, 0.11725345834516017, 0.09374893205806953, 0.07310495152980967, 0.05736081634237371, 0.044628607078203965, 0.04332492533918938, 0.03598614724816847, 0.03335017528554899, 0.033498750089936864, 0.03373761843941298, 0.03224151889517365, 0.032468950885840245, 0.032640720143057265, 0.032412715977280904, 0.03247203709984361, 0.032408562117033135, 0.0325078384002614, 0.032457048219926087]}